direccion,localidad,latitud,longitud
"CALLE 30, Florentino Ameghino, Buenos Aires",Florentino Ameghino,-34.84676355146135,-62.46730823935055
"CALLE 24 600, Florentino Ameghino, Buenos Aires",Florentino Ameghino,-34.8403965672407,-62.4652919544828
"ITALIA 463, Arrecifes, Buenos Aires",Arrecifes,-34.06645128392934,-60.098964124648276
"CALLE 34 200, Florentino Ameghino, Buenos Aires",Florentino Ameghino,-34.8479592184129,-62.4696428502119
"C 16 - GRAL BALCARCE, Balcarce, Buenos Aires",Balcarce,-37.85438306820235,-58.26750891409039
"C 19 - JULIO A ROCA (ENTRE C 16 - GRAL BALCARCE Y AV KELLY), Balcarce, Buenos Aires",Balcarce,-37.8476318245242,-58.258061740532696
"A EREZCANO 1476, Almirante Brown, Buenos Aires",Almirante Brown,-34.81522388010484,-58.36748410759664
"GRAL FRIAS 2736, Almirante Brown, Buenos Aires",Almirante Brown,-34.7822185942049,-58.37724536235116
"ARENALES 1400, Almirante Brown, Buenos Aires",Almirante Brown,-34.8242876646816,-58.4097359148076
"PJE TERRAZA 220, Almirante Brown, Buenos Aires",Almirante Brown,-34.7912605900045,-58.39506556430816
"AV ESPORA 2400, Almirante Brown, Buenos Aires",Almirante Brown,-34.8491548366571,-58.374494135488284
"JUAN THORNE 728, Almirante Brown, Buenos Aires",Almirante Brown,-34.79274536989971,-58.37966048425993
"VELEZ SARSFIELD 2800, Lan√∫s, Buenos Aires",Lanus,-34.7039462784602,-58.3904987181411
"CECILIA BORJA 106, Almirante Brown, Buenos Aires",Almirante Brown,-34.797232726177704,-58.40523390226186
"AV AMENEDO 2543, Almirante Brown, Buenos Aires",Almirante Brown,-34.78545473647371,-58.37828454615257
"CONSCRIPTO BERNARDI (ENTRE LA GACETA Y CORDERO), Almirante Brown, Buenos Aires",Almirante Brown,-34.7957729785752,-58.400614449715604
"DR ESTANISLAO S ZEBALLOS 4360, Avellaneda, Buenos Aires",Avellaneda,-34.68848293511518,-58.332967653104085
"ESTEBAN ECHEVERRIA 100, Avellaneda, Buenos Aires",Avellaneda,-34.7053008766897,-58.3160191334622
"CERVANTES SAAVEDRA 1200, Almirante Brown, Buenos Aires",Almirante Brown,-34.800355101760616,-58.364918329907134
"AV BARTOLOME MITRE 4500, Avellaneda, Buenos Aires",Avellaneda,-34.6911430938504,-58.3344850527041
"FLORENCIO VARELA, Avellaneda, Buenos Aires",Avellaneda,-34.681002521032894,-58.3737805795588
"DR ESTANISLAO S ZEBALLOS 2200, Avellaneda, Buenos Aires",Avellaneda,-34.66990552666172,-58.352723115518806
"3075 SANTA FE 1400, San Miguel, Buenos Aires",San Miguel,-34.5553306209369,-58.6897689240794
"3023 SALTA 1900, San Miguel, Buenos Aires",San Miguel,-34.5709862030501,-58.6776828879612
"3178 ENTRE RIOS 600, San Miguel, Buenos Aires",San Miguel,-34.562730225366,-58.6922811141421
"4125 SGT CABRAL 800, San Miguel, Buenos Aires",San Miguel,-34.5421085805929,-58.7025653775719
"4170 LEANDRO N ALEM 2000, San Miguel, Buenos Aires",San Miguel,-34.5407379099348,-58.7174389693018
"CNL CASACUBERTA 5800, Avellaneda, Buenos Aires",Avellaneda,-34.7131327022164,-58.3363254005644
"RAQUEL ESPANOL 400, Avellaneda, Buenos Aires",Avellaneda,-34.7021408516631,-58.3110630991385
"ITALIA, Avellaneda, Buenos Aires",Avellaneda,-34.66646881918285,-58.3643341870253
"FLORENTINO AMEGHINO 855, Avellaneda, Buenos Aires",Avellaneda,-34.66201100084888,-58.36231556067174
"EL SALVADOR 600, Avellaneda, Buenos Aires",Avellaneda,-34.6933649992821,-58.3421008362943
"EMILIO ZOLA 6100, Avellaneda, Buenos Aires",Avellaneda,-34.6994027409683,-58.3144471722576
"GRL PIRAN 200, Avellaneda, Buenos Aires",Avellaneda,-34.699442761006,-58.3186478161169
"COMOD RIVADAVIA 2400, Avellaneda, Buenos Aires",Avellaneda,-34.6785215407723,-58.3556298669579
"GRL MANSILLA 5821, Avellaneda, Buenos Aires",Avellaneda,-34.70737120015084,-58.32917210063375
"AV GENERAL GUEMES 100, Avellaneda, Buenos Aires",Avellaneda,-34.6685324386057,-58.3554234767252
"3067 SOURDEAUX 2300, San Miguel, Buenos Aires",San Miguel,-34.5665779705655,-58.6963940935847
"ARENALES 270, Avellaneda, Buenos Aires",Avellaneda,-34.667256303492856,-58.36236481775291
"RN 205 - AV HIPOLITO YRIGOYEN 1200, Avellaneda, Buenos Aires",Avellaneda,-34.6710674338985,-58.3810943230331
"ALMAFUERTE 400, Avellaneda, Buenos Aires",Avellaneda,-34.6550211963824,-58.3625740691369
"CNL LLORENTE 100, Avellaneda, Buenos Aires",Avellaneda,-34.6684885544208,-58.3540183046469
"3081 CARLOS GIAMBIAGGI 2400, San Miguel, Buenos Aires",San Miguel,-34.5645501927095,-58.70234220408
"GIBRALTAR, Avellaneda, Buenos Aires",Avellaneda,-34.69462310968855,-58.35548389227865
"AV CRISOLOGO LARRALDE 3700, Avellaneda, Buenos Aires",Avellaneda,-34.6942935019102,-58.3494153488309
"AV BARTOLOME MITRE 1100, Avellaneda, Buenos Aires",Avellaneda,-34.6638790844877,-58.362432508237
"AV BARTOLOME MITRE 1055, Avellaneda, Buenos Aires",Avellaneda,-34.664108594251,-58.361984184992046
"GRL CONESA 1800, Avellaneda, Buenos Aires",Avellaneda,-34.6662113301583,-58.3975342119482
"VILLA DE LUJAN 1300, Avellaneda, Buenos Aires",Avellaneda,-34.6977203495386,-58.3555566243395
"4163 INT JUAN IRIGOIN 3202, San Miguel, Buenos Aires",San Miguel,-34.55253409964189,-58.73802670744466
"3037 FRANCISCO BOUREL 1800, San Miguel, Buenos Aires",San Miguel,-34.5662825040693,-58.6820184409421
"CAMINO GRL BELGRANO 1700, Avellaneda, Buenos Aires",Avellaneda,-34.6958196891509,-58.3694693389089
"LAS FLORES 300, Avellaneda, Buenos Aires",Avellaneda,-34.7012923481456,-58.3142233196372
"ENTRE RIOS 300, Avellaneda, Buenos Aires",Avellaneda,-34.6754862605917,-58.3866420508833
"CABILDO 69, Avellaneda, Buenos Aires",Avellaneda,-34.68155225602818,-58.38584083247792
"4105 AZCUENAGA 1200, San Miguel, Buenos Aires",San Miguel,-34.55028604046647,-58.700817775114544
"BV DE LOS ITALIANOS 900, Avellaneda, Buenos Aires",Avellaneda,-34.70431764672,-58.3349740342556
"310 BRAILLE LUIS 1200, San Miguel, Buenos Aires",San Miguel,-34.573688918236,-58.687908696815
"LAS FLORES 700, Avellaneda, Buenos Aires",Avellaneda,-34.6980951455143,-58.3104905647716
"LAS FLORES 500, Avellaneda, Buenos Aires",Avellaneda,-34.6995243490851,-58.3121639147664
"LAS FLORES 400, Avellaneda, Buenos Aires",Avellaneda,-34.7004130089495,-58.3132044247536
"GRL ARREDONDO 1400, Avellaneda, Buenos Aires",Avellaneda,-34.67921505222,-58.3654800509394
"MANUEL BELGRANO 200, Avellaneda, Buenos Aires",Avellaneda,-34.6595521151612,-58.3703263983387
"FLORENTINO AMEGHINO 900, Avellaneda, Buenos Aires",Avellaneda,-34.66235943733095,-58.36202608357485
"RAMON FRANCO 6329, Avellaneda, Buenos Aires",Avellaneda,-34.69891159373809,-58.30886887572768
"SALTA 700, Avellaneda, Buenos Aires",Avellaneda,-34.6822642566979,-58.3529710105054
"AV BARTOLOME MITRE 3098, Avellaneda, Buenos Aires",Avellaneda,-34.68062500204678,-58.3451372580948
"3087 SAN JUAN 3400, San Miguel, Buenos Aires",San Miguel,-34.572217711263846,-58.7141310722037
"4149 ESPANA (ENTRE 4142 VICENTE LOPEZ Y CESAR MALNATTI), San Miguel, Buenos Aires",San Miguel,-34.5339195767668,-58.708296325477804
"CALLEJON ALDAZ 300, Avellaneda, Buenos Aires",Avellaneda,-34.6541178872505,-58.3639995584595
"3041 MAYOR IRUSTA 3700, San Miguel, Buenos Aires",San Miguel,-34.5833673577583,-58.7024584256337
"CASELLA PINERO 600, Avellaneda, Buenos Aires",Avellaneda,-34.6785215407723,-58.3556298669579
"INDEPENDENCIA 39, Avellaneda, Buenos Aires",Avellaneda,-34.67751397417672,-58.34839055445508
"PROLANCION DE MANSILLA, Avellaneda, Buenos Aires",Avellaneda,-34.67505832655367,-58.369281170154984
"BERUTTI 230, Avellaneda, Buenos Aires",Avellaneda,-34.662537065513355,-58.36800095019742
"AV BARTOLOME MITRE 122, Avellaneda, Buenos Aires",Avellaneda,-34.65794236678089,-58.371698615263305
"4137 BELGRANO 1050, San Miguel, Buenos Aires",San Miguel,-34.5418955773313,-58.7098969072846
"3194 RECONQUISTA 800, San Miguel, Buenos Aires",San Miguel,-34.569706335283,-58.6943457468151
"4149 ESPANA 800, San Miguel, Buenos Aires",San Miguel,-34.54970149672395,-58.72509183206699
"3081 CARLOS GIAMBIAGGI 2700, San Miguel, Buenos Aires",San Miguel,-34.56677928853556,-58.70534745310465
"FRANCISCO PIENOVI 459, Avellaneda, Buenos Aires",Avellaneda,-34.66137385683147,-58.38815922267293
"GRL HORNOS 130, Avellaneda, Buenos Aires",Avellaneda,-34.68138822095373,-58.34276049988954
"URUGUAY 100, Avellaneda, Buenos Aires",Avellaneda,-34.6745445469116,-58.3821250940887
"CNL MADARIAGA 1100, Avellaneda, Buenos Aires",Avellaneda,-34.6914757099454,-58.35465446051745
"MONTIEL (ESQUINA RUTA PROVINCIAL 11), Punta Indio, Buenos Aires",Punta Indio,-35.2395076070888,-57.2842936914416
"GRL GORRITI 600, Avellaneda, Buenos Aires",Avellaneda,-34.664644599241,-58.3853578346005
"AV BARTOLOME MITRE 3600, Avellaneda, Buenos Aires",Avellaneda,-34.6858315413863,-58.3408762691372
"CABILDO 500, Avellaneda, Buenos Aires",Avellaneda,-34.6772542505726,-58.3908408728052
"GRL PIRAN, Avellaneda, Buenos Aires",Avellaneda,-34.694268729647206,-58.3135010411165
"3035 AZOPARDO 2100, San Miguel, Buenos Aires",San Miguel,-34.5700613059172,-58.6853488945373
"4158 MUNOZ (ENTRE 4163 INT JUAN IRIGOIN Y 4161 PRINGLES), San Miguel, Buenos Aires",San Miguel,-34.53415891146405,-58.717319314982305
"ORTEGA, Avellaneda, Buenos Aires",Avellaneda,-34.689959642902316,-58.311748066127294
"ELIZALDE 600, Avellaneda, Buenos Aires",Avellaneda,-34.6748183225982,-58.3582242115129
"CHACABUCO 100, Avellaneda, Buenos Aires",Avellaneda,-34.6580629425308,-58.3689496739532
"VILLA DE LUJAN 1360, Avellaneda, Buenos Aires",Avellaneda,-34.6973353527079,-58.3551219128354
"AV BARTOLOME MITRE 1600, Avellaneda, Buenos Aires",Avellaneda,-34.6664898288627,-58.3571147858863
"CENTENARIO URUGUAYO 1600, Avellaneda, Buenos Aires",Avellaneda,-34.7061994610994,-58.3440930028473
"CMTE LUCENA 5700, Avellaneda, Buenos Aires",Avellaneda,-34.7080866044196,-58.3344291929214
"ALMTE SOLIER 6000, Avellaneda, Buenos Aires",Avellaneda,-34.7053634011088,-58.3251307696802
"MANUEL CORVALAN 1700, Avellaneda, Buenos Aires",Avellaneda,-34.7142590683362,-58.3396100412122
"PAYSANDU 300, Avellaneda, Buenos Aires",Avellaneda,-34.704268048007,-58.3221625460815
"BRAGADO (ENTRE GRL PIRAN Y BAHIA BLANCA), Avellaneda, Buenos Aires",Avellaneda,-34.69898849555045,-58.3170801030643
"SAN PEDRO 400, Avellaneda, Buenos Aires",Avellaneda,-34.6809850583704,-58.3378097555107
"JOSE E RODO 28, Avellaneda, Buenos Aires",Avellaneda,-34.70389649940001,-58.31968066947988
"CAMPICHUELO 6000, Avellaneda, Buenos Aires",Avellaneda,-34.7172775070089,-58.3375631158698
"JOSE ALVAREZ CONDARCO 100, Avellaneda, Buenos Aires",Avellaneda,-34.7012534766865,-58.3225071599304
"CNL BRANDSEN 6200, Avellaneda, Buenos Aires",Avellaneda,-34.703361440266,-58.3211222546042
"MANUEL ROSETTI 100, Avellaneda, Buenos Aires",Avellaneda,-34.6635193517765,-58.3779947629893
"LAMBARE 400, Avellaneda, Buenos Aires",Avellaneda,-34.6720765044244,-58.3574164875034
"BAHIA BLANCA 600, Avellaneda, Buenos Aires",Avellaneda,-34.6970864292557,-58.3137957494431
"CNL BRANDSEN 5800, Avellaneda, Buenos Aires",Avellaneda,-34.7000995307084,-58.3251059166214
"GRL PAZ 19, Avellaneda, Buenos Aires",Avellaneda,-34.6658808935003,-58.361961514773554
"LOMAS DE ZAMORA 93, Avellaneda, Buenos Aires",Avellaneda,-34.6995177705348,-58.320830417379455
"SAN MARTIN 900, Avellaneda, Buenos Aires",Avellaneda,-34.6633106542168,-58.3650725746837
"BELLA VISTA, San Miguel, Buenos Aires",San Miguel,-34.59100175714855,-58.72602521262339
"LAS FLORES, Avellaneda, Buenos Aires",Avellaneda,-34.69156313851355,-58.3028667479425
"PERGAMINO 600, Avellaneda, Buenos Aires",Avellaneda,-34.6895607143566,-58.3466832120214
"DR ESTANISLAO S ZEBALLOS 6100, Avellaneda, Buenos Aires",Avellaneda,-34.7002934478415,-58.3175938694312
"LAPRIDA 36, Avellaneda, Buenos Aires",Avellaneda,-34.66361012488191,-58.36205991028154
"CNL BRANDSEN 6300, Avellaneda, Buenos Aires",Avellaneda,-34.7046985379044,-58.3193927195914
"GRL PAZ 142, Avellaneda, Buenos Aires",Avellaneda,-34.666505761275545,-58.36285923646952
"RECONQUISTA 2000, Avellaneda, Buenos Aires",Avellaneda,-34.6890103179088,-58.3720745014059
"LOBOS 41, Avellaneda, Buenos Aires",Avellaneda,-34.69866938030009,-58.32342707238685
"12 DE OCTUBRE 53, Avellaneda, Buenos Aires",Avellaneda,-34.664243761155525,-58.36126928269027
"HELGUERA 400, Avellaneda, Buenos Aires",Avellaneda,-34.678534869895,-58.3762381300146
"RAQUEL ESPANOL 300, Avellaneda, Buenos Aires",Avellaneda,-34.703020208492,-58.3120819910089
"GRL JOSE MARIA ACHA 700, Avellaneda, Buenos Aires",Avellaneda,-34.6866078189842,-58.3502553564059
"ESPANA, Avellaneda, Buenos Aires",Avellaneda,-34.66110738668765,-58.3677293389999
"BAHIA BLANCA 622, Escobar, Buenos Aires",Escobar,-34.410736742117656,-58.76495512999949
"MANUEL CORVALAN, Avellaneda, Buenos Aires",Avellaneda,-34.70037886474892,-58.323490942841694
"SAN NICOLAS 5700, Avellaneda, Buenos Aires",Avellaneda,-34.6914456452572,-58.3138883593869
"WASHINGTON 200, Avellaneda, Buenos Aires",Avellaneda,-34.6891554455807,-58.332157069241
"JOSE ALVAREZ CONDARCO 55, Avellaneda, Buenos Aires",Avellaneda,-34.70173440758509,-58.32307039337396
"COTAGAITA 300, Avellaneda, Buenos Aires",Avellaneda,-34.7009787739001,-58.3261249379897
"ARMENIA 200, Avellaneda, Buenos Aires",Avellaneda,-34.6887475339543,-58.3326453585435
"TTE CNL CAJARAVILLE 1122, Avellaneda, Buenos Aires",Avellaneda,-34.690863210297685,-58.37386439136879
"GRL PIRAN 100, Avellaneda, Buenos Aires",Avellaneda,-34.7003133466797,-58.3196887612248
"SAN MARTIN 1307, Avellaneda, Buenos Aires",Avellaneda,-34.66681422933195,-58.361610668363866
"PJE LA PAZ, Avellaneda, Buenos Aires",Avellaneda,-34.67048476402795,-58.35133879548245
"GRL IRIATE 100, Avellaneda, Buenos Aires",Avellaneda,-34.6703307531886,-58.3522800343269
"HELGUERA 1044, Avellaneda, Buenos Aires",Avellaneda,-34.683763961014265,-58.369992364223634
"GRL PAZ, Avellaneda, Buenos Aires",Avellaneda,-34.6654623524829,-58.36136267277609
"AV BARTOLOME MITRE 1031, Avellaneda, Buenos Aires",Avellaneda,-34.66422725446472,-58.36174319170778
"RIVERO (ENTRE CMTE JOSE GIRIBONE Y LEBENSHON), Avellaneda, Buenos Aires",Avellaneda,-34.66571834159415,-58.3817098953988
"3174 AVENIDA FRANCIA 1022, San Miguel, Buenos Aires",San Miguel,-34.5662344421316,-58.68472978559581
"GRL VILLEGAS 4600, Avellaneda, Buenos Aires",Avellaneda,-34.6975781230156,-58.3390921964833
"AV BARTOLOME MITRE 1039, Avellaneda, Buenos Aires",Avellaneda,-34.66418770106014,-58.36182352280254
"MONTES DE OCA 500, Avellaneda, Buenos Aires",Avellaneda,-34.6559635583695,-58.3642897847268
"12 DE OCTUBRE 443, Avellaneda, Buenos Aires",Avellaneda,-34.660432377688096,-58.35602056733395
"AV CRISOLOGO LARRALDE 5000, Avellaneda, Buenos Aires",Avellaneda,-34.70130059627046,-58.34106021719186
"ALMTE CORDERO 100, Avellaneda, Buenos Aires",Avellaneda,-34.666314309865975,-58.37682370883066
"CHACABUCO 300, Avellaneda, Buenos Aires",Avellaneda,-34.656461176501,-58.3671703244706
"DORREGO 1771, Avellaneda, Buenos Aires",Avellaneda,-34.66933216101704,-58.358205212516246
"CHACABUCO (ESQUINA FLORENTINO AMEGHINO), Avellaneda, Buenos Aires",Avellaneda,-34.656461176501,-58.3671703244706
"DOMINGO MARTINTO 300, Avellaneda, Buenos Aires",Avellaneda,-34.7090966461804,-58.316116815555
"CALLE SN, Punta Indio, Buenos Aires",Punta Indio,-35.24886546836895,-57.273795445067805
"AV BARTOLOME MITRE 4229, Avellaneda, Buenos Aires",Avellaneda,-34.690028741294434,-58.33602877745875
"LAS FLORES 200, Avellaneda, Buenos Aires",Avellaneda,-34.7021809914479,-58.3152638737449
"9 DE JULIO 100, Avellaneda, Buenos Aires",Avellaneda,-34.6638790844877,-58.362432508237
"PARAGUAY 100, Avellaneda, Buenos Aires",Avellaneda,-34.6823917852166,-58.3867590290502
"TTE CNL LAFUENTE 3000, Avellaneda, Buenos Aires",Avellaneda,-34.6911507109666,-58.3569523746832
"12 DE OCTUBRE 700, Avellaneda, Buenos Aires",Avellaneda,-34.6582906854517,-58.3530419965225
"CNL MADARIAGA 280, Avellaneda, Buenos Aires",Avellaneda,-34.68395877411431,-58.3456988443499
"CMTE SPURR 100, Avellaneda, Buenos Aires",Avellaneda,-34.6728179784173,-58.3515871101934
"FLORENTINO AMEGHINO 600, Avellaneda, Buenos Aires",Avellaneda,-34.65959228776983,-58.36433512409886
"3226 RIO TURBIO 600, San Miguel, Buenos Aires",San Miguel,-34.5757795114598,-58.7085590030205
"JOSE M ESTRADA 1545, Avellaneda, Buenos Aires",Avellaneda,-34.66538774640881,-58.35489232700556
"4101 HAEDO 1264, San Miguel, Buenos Aires",San Miguel,-34.552589924952365,-58.69980988036982
"4150 SAN LORENZO 1800, San Miguel, Buenos Aires",San Miguel,-34.54158115654887,-58.70094741366136
"CESAR MALNATTI 1000, San Miguel, Buenos Aires",San Miguel,-34.542154884821,-58.6984471205618
"3067 SOURDEAUX 1800, San Miguel, Buenos Aires",San Miguel,-34.58829686866548,-58.71932798845763
"DR ESTANISLAO S ZEBALLOS 1000, Avellaneda, Buenos Aires",Avellaneda,-34.662087997482,-58.3599370865814
"JOSE MARIA FREIRE 45, Avellaneda, Buenos Aires",Avellaneda,-34.6728763751546,-58.38242453744127
"CMTE SPURR 600, Avellaneda, Buenos Aires",Avellaneda,-34.6770428064295,-58.3574275109825
"4117 CONESA 800, San Miguel, Buenos Aires",San Miguel,-34.5438144173397,-58.7002349955948
"RN 205 - AV HIPOLITO YRIGOYEN (ESQUINA ENTRE RIOS), Avellaneda, Buenos Aires",Avellaneda,-34.6780746994554,-58.3834373995866
"JUAN B JUSTO 500, Avellaneda, Buenos Aires",Avellaneda,-34.6891521270434,-58.3257408253053
"PUERTO DE PALOS 800, Avellaneda, Buenos Aires",Avellaneda,-34.6971736133869,-58.341817522649
"PERU 1800, Avellaneda, Buenos Aires",Avellaneda,-34.6738460219696,-58.3866520455994
"4158 MUNOZ 1982, San Miguel, Buenos Aires",San Miguel,-34.536864662210476,-58.71360063099477
"LA RIOJA 2100, Avellaneda, Buenos Aires",Avellaneda,-34.6756233076524,-58.3908724262762
"3170 20 DE JUNIO, San Miguel, Buenos Aires",San Miguel,-34.56665805830649,-58.68142668332566
"BOLIVAR 6100, Avellaneda, Buenos Aires",Avellaneda,-34.69440334867168,-58.31664548708595
"DR ESTANISLAO S ZEBALLOS 5600, Avellaneda, Buenos Aires",Avellaneda,-34.6966505195786,-58.3226982865237
"GRL LUIS MARIA CAMPOS 2300, Avellaneda, Buenos Aires",Avellaneda,-34.6745607715386,-58.3544981848349
"CESAR MALNATTI 1900, San Miguel, Buenos Aires",San Miguel,-34.540950235186735,-58.7001261664621
"CNL JOSE RONDEAU 1465, Avellaneda, Buenos Aires",Avellaneda,-34.71461186751391,-58.3360253512512
"LOMAS DE ZAMORA 71, Avellaneda, Buenos Aires",Avellaneda,-34.69975239856872,-58.32111142720142
"GRL PAZ 140, Avellaneda, Buenos Aires",Avellaneda,-34.66651964120174,-58.36287922222417
"DR ESTANISLAO S ZEBALLOS 5900, Avellaneda, Buenos Aires",Avellaneda,-34.6985741939765,-58.3197130142566
"DE LA PENA 1500, Avellaneda, Buenos Aires",Avellaneda,-34.7100652552839,-58.3400649605245
"MARIANO MORENO 5400, Avellaneda, Buenos Aires",Avellaneda,-34.6970369049457,-58.3245783631258
"MARIO BRAVO 562, Avellaneda, Buenos Aires",Avellaneda,-34.67496710438482,-58.38930609216589
"3051 MOINE 2500, San Miguel, Buenos Aires",San Miguel,-34.5717148280253,-58.6937804012083
"3188 MTRA CLORINDA MUNZON 900, San Miguel, Buenos Aires",San Miguel,-34.5686181682479,-58.6904423057733
"MARTIN FIERRO 300, Avellaneda, Buenos Aires",Avellaneda,-34.7002822216834,-58.3154769787238
"MATANZA, Avellaneda, Buenos Aires",Avellaneda,-34.7117552283856,-58.345368398374546
"4171 GUTENBERG 1500, San Miguel, Buenos Aires",San Miguel,-34.5350826134278,-58.7243986095525
"3192 F AMEGHINO 800, San Miguel, Buenos Aires",San Miguel,-34.56977764647745,-58.69202248611699
"EMILIO ZOLA 5826, Avellaneda, Buenos Aires",Avellaneda,-34.69705228527189,-58.31735950024203
"GRL OTERO, Avellaneda, Buenos Aires",Avellaneda,-34.68864820085065,-58.329068936495695
"CNL LACARRA 127, Avellaneda, Buenos Aires",Avellaneda,-34.6703793837058,-58.35666520919901
"4149 ESPANA 1500, San Miguel, Buenos Aires",San Miguel,-34.54949852560319,-58.72487674396867
"4170 LEANDRO N ALEM 2400, San Miguel, Buenos Aires",San Miguel,-34.53617567793245,-58.72290708329611
"CNL BRANDSEN 3083, Avellaneda, Buenos Aires",Avellaneda,-34.68246141781883,-58.34707994291093
"RICARDO GUTIERREZ 1900, Avellaneda, Buenos Aires",Avellaneda,-34.6663487121291,-58.3484099872857
"CNL BRANDSEN 5600, Avellaneda, Buenos Aires",Avellaneda,-34.6987669829621,-58.3266326375907
"GRL PIRAN 300, Avellaneda, Buenos Aires",Avellaneda,-34.6985631565621,-58.3176070752288
"SAN NICOLAS 5800, Avellaneda, Buenos Aires",Avellaneda,-34.6919238993643,-58.3132785050592
"3192 F AMEGHINO 900, San Miguel, Buenos Aires",San Miguel,-34.5699004747182,-58.6918528463116
"PAYSANDU 1700, Avellaneda, Buenos Aires",Avellaneda,-34.7171488189381,-58.3360593883336
"CATAMARCA 2000, Avellaneda, Buenos Aires",Avellaneda,-34.6763107934689,-58.3876515941824
"GRL HEREDIA 5700, Avellaneda, Buenos Aires",Avellaneda,-34.7106139382459,-58.3353608119911
"GDOR MIGUEL DE SALCEDO 100, Avellaneda, Buenos Aires",Avellaneda,-34.7058965743181,-58.3154286320975
"LAVARELLO 485, Avellaneda, Buenos Aires",Avellaneda,-34.681566318968606,-58.35036807600452
"AV GENERAL GUEMES 500, Avellaneda, Buenos Aires",Avellaneda,-34.6716838534533,-58.3597151951558
"CANGALLO 815, Avellaneda, Buenos Aires",Avellaneda,-34.68621838440956,-58.375415011483874
"CESAR MALNATTI (ENTRE 4163 INT JUAN IRIGOIN Y 4161 PRINGLES), San Miguel, Buenos Aires",San Miguel,-34.53087237066525,-58.71379185923185
"GRL JUAN E PEDERNERA (ESQUINA COMOD RIVADAVIA), Avellaneda, Buenos Aires",Avellaneda,-34.6922008048074,-58.339341505182
"SAN NICOLAS 5868, Avellaneda, Buenos Aires",Avellaneda,-34.69257486631877,-58.31242234552392
"CNL JOSE RONDEAU 300, Avellaneda, Buenos Aires",Avellaneda,-34.7035861170521,-58.3230384781838
"3067 SOURDEAUX 2500, San Miguel, Buenos Aires",San Miguel,-34.5684058880009,-58.6983323591148
"PJE SARACHAGA 6000, Avellaneda, Buenos Aires",Avellaneda,-34.7021202636664,-58.3213110318367
"ALMTE CORDERO 3300, Avellaneda, Buenos Aires",Avellaneda,-34.6871661763647,-58.3495568633351
"CHASCOMUS 1500, Avellaneda, Buenos Aires",Avellaneda,-34.7062617108988,-58.3407193924544
"LAMADRID 449, Avellaneda, Buenos Aires",Avellaneda,-34.66135992239373,-58.35544244776385
"EMILIO ZOLA 6300, Avellaneda, Buenos Aires",Avellaneda,-34.7012723546387,-58.3121284095576
"GRL OTERO 200, Avellaneda, Buenos Aires",Avellaneda,-34.6902462534376,-58.3308585161821
"3170 20 DE JUNIO 1000, San Miguel, Buenos Aires",San Miguel,-34.5647658028353,-58.6837558997287
"3033 TUCUMAN 1800, San Miguel, Buenos Aires",San Miguel,-34.5670345494718,-58.6808351018188
"BERUTTI 200, Avellaneda, Buenos Aires",Avellaneda,-34.662618810226135,-58.36812855835223
"SALTA 1458, Avellaneda, Buenos Aires",Avellaneda,-34.69040942817677,-58.36204723526735
"3067 SOURDEAUX 2800, San Miguel, Buenos Aires",San Miguel,-34.588086428093696,-58.71910236080786
"4163 INT JUAN IRIGOIN (ESQUINA 4180 JOSE MARIA PAZ), San Miguel, Buenos Aires",San Miguel,-34.5401242222368,-58.7246811544935
"SALTA 1600, Avellaneda, Buenos Aires",Avellaneda,-34.6908019646562,-58.362513383783
"GRL DEHEZA 100, Avellaneda, Buenos Aires",Avellaneda,-34.6863836559577,-58.3403851588004
"MARTIN FIERRO 1180, Avellaneda, Buenos Aires",Avellaneda,-34.69314880869791,-58.3067343592645
"4156 SERRANO 2800, San Miguel, Buenos Aires",San Miguel,-34.52983338859513,-58.7218848142628
"4162 MTRO ANGEL D ELIA 500, San Miguel, Buenos Aires",San Miguel,-34.5495635751565,-58.6983971184656
"3025 MOISES LEBENSOHN 2000, San Miguel, Buenos Aires",San Miguel,-34.5721229048963,-58.6810192555112
"EMILIO ZOLA 5900, Avellaneda, Buenos Aires",Avellaneda,-34.6976925532207,-58.3165661738599
"DR ESTANISLAO S ZEBALLOS 6000, Avellaneda, Buenos Aires",Avellaneda,-34.699442761006,-58.3186478161169
"ARAUCANOS, Punta Indio, Buenos Aires",Punta Indio,-35.252043625325,-57.26993105755099
"MANUEL CORVALAN 56, Avellaneda, Buenos Aires",Avellaneda,-34.70032304719471,-58.32342710775996
"LOBOS 970, Avellaneda, Buenos Aires",Avellaneda,-34.690348839085445,-58.31382253611084
"AV BARTOLOME MITRE 1400, Avellaneda, Buenos Aires",Avellaneda,-34.665299193157,-58.3594197398131
"ALMTE CORDERO 3100, Avellaneda, Buenos Aires",Avellaneda,-34.6860225741389,-58.3509652844961
"CASELLA PINERO 100, Avellaneda, Buenos Aires",Avellaneda,-34.6750873262937,-58.3494474678115
"GRL DEHEZA 140, Avellaneda, Buenos Aires",Avellaneda,-34.68772827905221,-58.34191486072039
"4158 MUNOZ 300, San Miguel, Buenos Aires",San Miguel,-34.5499552066314,-58.6958200411625
"3166 ACONQUIJA 800, San Miguel, Buenos Aires",San Miguel,-34.5616544751401,-58.6857253962283
"4149 ESPANA 1100, San Miguel, Buenos Aires",San Miguel,-34.54961450910077,-58.72499965145342
"MONTES DE OCA 320, Avellaneda, Buenos Aires",Avellaneda,-34.657459917873254,-58.36590918541462
"4105 AZCUENAGA 2700, San Miguel, Buenos Aires",San Miguel,-34.56133684025,-58.7125575965675
"AV GENERAL GUEMES 2100, Avellaneda, Buenos Aires",Avellaneda,-34.6870476691919,-58.3783214936795
"MARIANO ACOSTA 1400, Avellaneda, Buenos Aires",Avellaneda,-34.6736695181415,-58.3808188251327
"MARIANO MORENO 6161, Avellaneda, Buenos Aires",Avellaneda,-34.70245047672619,-58.317048515473246
"4168 DOMINGO F SARMIENTO 100, San Miguel, Buenos Aires",San Miguel,-34.55347966826075,-58.69964618301805
"BAHIA BLANCA (ESQUINA EMILIO ZOLA), Avellaneda, Buenos Aires",Avellaneda,-34.6985432223176,-58.3155122306774
"SAN LORENZO 370, Avellaneda, Buenos Aires",Avellaneda,-34.691278286477605,-58.341091580802
"4164 PAUNERO 100, San Miguel, Buenos Aires",San Miguel,-34.5514028473506,-58.697664148831
"ALBERTO PINERO 825, San Miguel, Buenos Aires",San Miguel,-34.56130413868413,-58.684731761764375
"MARIO BRAVO 700, Avellaneda, Buenos Aires",Avellaneda,-34.6738363021092,-58.390688803776
"CNL AREVALO 500, Avellaneda, Buenos Aires",Avellaneda,-34.6903175510569,-58.3242336871943
"DR ESTANISLAO S ZEBALLOS 6087, Avellaneda, Buenos Aires",Avellaneda,-34.700408643258505,-58.31745111452357
"ARENALES 106, Avellaneda, Buenos Aires",Avellaneda,-34.665997780178714,-58.36047604256102
"AV BARTOLOME MITRE 2900, Avellaneda, Buenos Aires",Avellaneda,-34.67777813587009,-58.34725084099183
"MARIANO MORENO 5900, Avellaneda, Buenos Aires",Avellaneda,-34.699453781071,-58.3207537783371
"AV BARTOLOME MITRE 2764, Avellaneda, Buenos Aires",Avellaneda,-34.67731101336763,-58.34763301824525
"ORTEGA 6500, Avellaneda, Buenos Aires",Avellaneda,-34.6961664959457,-58.3046588899994
"LINCOLN 52, Avellaneda, Buenos Aires",Avellaneda,-34.70620981711979,-58.313758886934444
"3178 ENTRE RIOS 700, San Miguel, Buenos Aires",San Miguel,-34.5637962045416,-58.6908207373068
"3031 PARAGUAY 1800, San Miguel, Buenos Aires",San Miguel,-34.569940488657245,-58.682553311928054
"MARIANO MORENO 5850, Avellaneda, Buenos Aires",Avellaneda,-34.69989233495299,-58.3202104022594
"CMTE LUCENA 1800, Avellaneda, Buenos Aires",Avellaneda,-34.6829401763777,-58.3650140408501
"GRL IRIATE 200, Avellaneda, Buenos Aires",Avellaneda,-34.6696493700196,-58.3512135362375
"RECONQUISTA 1582, Avellaneda, Buenos Aires",Avellaneda,-34.68564454130026,-58.36810906588097
"SALVADOR SOREDA 5400, Avellaneda, Buenos Aires",Avellaneda,-34.6933361696318,-58.3202553938134
"CNL JOSE RONDEAU 100, Avellaneda, Buenos Aires",Avellaneda,-34.7021202636664,-58.3213110318367
"LOBOS 247, Avellaneda, Buenos Aires",Avellaneda,-34.69678378134187,-58.321249355707366
"4095 CASEROS, San Miguel, Buenos Aires",San Miguel,-34.5442292090589,-58.688670947862136
"PIERRES 600, Avellaneda, Buenos Aires",Avellaneda,-34.696045245549,-58.335739966122
"BRAGADO 6500, Avellaneda, Buenos Aires",Avellaneda,-34.703020208492,-58.3120819910089
"3234 FLORENCIO VARELA 1300, San Miguel, Buenos Aires",San Miguel,-34.5850851189262,-58.7016944625004
"CNL BRANDSEN 5810, Avellaneda, Buenos Aires",Avellaneda,-34.70169770839195,-58.32319039855967
"GALICIA 359, Avellaneda, Buenos Aires",Avellaneda,-34.67418263770732,-58.38623584442797
"SAN VICENTE 900, Avellaneda, Buenos Aires",Avellaneda,-34.6881348644641,-58.3182327730207
"GRL ARREDONDO 5700, Avellaneda, Buenos Aires",Avellaneda,-34.7064010712227,-58.3324439292932
"COMOD RIVADAVIA 6000, Avellaneda, Buenos Aires",Avellaneda,-34.7035436017463,-58.3251892806868
"CNL AREVALO 700, Avellaneda, Buenos Aires",Avellaneda,-34.6885042171731,-58.3221425082186
"DE LA PENA 1700, Avellaneda, Buenos Aires",Avellaneda,-34.7120715313493,-58.3424479032019
"MANUEL CORVALAN 100, Avellaneda, Buenos Aires",Avellaneda,-34.6998343416229,-58.3228631966935
"LAS FLORES 100, Avellaneda, Buenos Aires",Avellaneda,-34.7030694764915,-58.3162935397597
"SAN LORENZO 100, Avellaneda, Buenos Aires",Avellaneda,-34.68933502963361,-58.33879212420851
"CHASCOMUS 800, Avellaneda, Buenos Aires",Avellaneda,-34.7010698617901,-58.3347444616954
"GRL VILLEGAS 5300, Avellaneda, Buenos Aires",Avellaneda,-34.70217326472282,-58.3333468335202
"CATAMARCA 1900, Avellaneda, Buenos Aires",Avellaneda,-34.6754862605917,-58.3866420508833
"CHASCOMUS 300, Avellaneda, Buenos Aires",Avellaneda,-34.6975079161597,-58.3306581194027
"GRL LUIS MARIA CAMPOS 3300, Avellaneda, Buenos Aires",Avellaneda,-34.6837901805192,-58.3438629362382
"LEANDRO N ALEM 1700, Avellaneda, Buenos Aires",Avellaneda,-34.6529718899088,-58.3464011890462
"LOMAS DE ZAMORA 406, Avellaneda, Buenos Aires",Avellaneda,-34.696798427836725,-58.31759068745879
"GRL LAVALLE 200, Avellaneda, Buenos Aires",Avellaneda,-34.6633322040271,-58.367022902467
"4184 ZUVIRIA 978, San Miguel, Buenos Aires",San Miguel,-34.55260012455566,-58.70997423680259
"ALMTE CORDERO 5800, Avellaneda, Buenos Aires",Avellaneda,-34.7045230945315,-58.3282580728629
"GRL CONESA 1985, Avellaneda, Buenos Aires",Avellaneda,-34.66782080485596,-58.39929816178464
"GRL PIRAN 46, Avellaneda, Buenos Aires",Avellaneda,-34.70088229564619,-58.320348703191534
"FLORENTINO AMEGHINO 1000, Avellaneda, Buenos Aires",Avellaneda,-34.6631259975915,-58.3613892339617
"CNL BRANDSEN 1998, Avellaneda, Buenos Aires",Avellaneda,-34.67341994740734,-58.357897808975096
"ALMTE SOLIER 6100, Avellaneda, Buenos Aires",Avellaneda,-34.7060633685861,-58.3242544712581
"3216 GUSTAVO FLAUBERT 1396, San Miguel, Buenos Aires",San Miguel,-34.58096773932104,-58.69571721290914
"4156 SERRANO 2200, San Miguel, Buenos Aires",San Miguel,-34.5345401218189,-58.7147838057779
"4152 GRAL URQUIZA 1270, San Miguel, Buenos Aires",San Miguel,-34.54127503935921,-58.70370777833897
"AVELLANEDA 1700, Avellaneda, Buenos Aires",Avellaneda,-34.6529528034408,-58.3478075187329
"PAYSANDU, Avellaneda, Buenos Aires",Avellaneda,-34.702506601464506,-58.320148945822154
"DR CARLOS A CASAZZA, Avellaneda, Buenos Aires",Avellaneda,-34.68597847324485,-58.3306315830554
"ESTEBAN ECHEVERRIA 36, Avellaneda, Buenos Aires",Avellaneda,-34.70599497688875,-58.316838966535634
"MONSENIOR PIAGGIO 55, Avellaneda, Buenos Aires",Avellaneda,-34.66367394765066,-58.363839928550675
"3178 ENTRE RIOS 1200, San Miguel, Buenos Aires",San Miguel,-34.5693033632679,-58.6832648745136
"4188 GELLY Y OBES 1769, San Miguel, Buenos Aires",San Miguel,-34.54674169091034,-58.720199322667156
"CNL SUAREZ, Avellaneda, Buenos Aires",Avellaneda,-34.6613057339612,-58.340753245598705
"LOBOS, Avellaneda, Buenos Aires",Avellaneda,-34.68557390472545,-58.3093993855411
"LAPRIDA 85, Avellaneda, Buenos Aires",Avellaneda,-34.663233581433815,-58.361538273143886
"MENDOZA 1600, Avellaneda, Buenos Aires",Avellaneda,-34.6706576710118,-58.3868229727455
"3035 AZOPARDO 3400, San Miguel, Buenos Aires",San Miguel,-34.5829020064904,-58.6993868950222
"4123 AVELLANEDA 500, San Miguel, Buenos Aires",San Miguel,-34.5402933917222,-58.6992767152719
"4131 ITALIA 600, San Miguel, Buenos Aires",San Miguel,-34.5391258386939,-58.70263889702
"ARENALES 100, Avellaneda, Buenos Aires",Avellaneda,-34.666042370839676,-58.360543466140676
"GRL CONESA 1873, Avellaneda, Buenos Aires",Avellaneda,-34.66715207556779,-58.39856868220969
"MATANZA 600, Avellaneda, Buenos Aires",Avellaneda,-34.699855963831,-58.3316585942777
"3071 QUIRNO 2500, San Miguel, Buenos Aires",San Miguel,-34.5674686965621,-58.6996218280239
"4166 PRES JUAN D PERON 500, San Miguel, Buenos Aires",San Miguel,-34.5510674094166,-58.6999533436858
"LOBOS 51, Avellaneda, Buenos Aires",Avellaneda,-34.69857524291962,-58.32331852446594
"ALBERTO LARTIGAU 100, Avellaneda, Buenos Aires",Avellaneda,-34.7039289999322,-58.3152284302037
"LAFAYETTE 200, Avellaneda, Buenos Aires",Avellaneda,-34.6709058647458,-58.3548213944489
"ARMENIA 300, Avellaneda, Buenos Aires",Avellaneda,-34.6875088719676,-58.3310444133809
"TTE CNL LAFUENTE 5800, Avellaneda, Buenos Aires",Avellaneda,-34.7105864853952,-58.3333531184223
"COTAGAITA 200, Avellaneda, Buenos Aires",Avellaneda,-34.7000995307084,-58.3251059166214
"DR ESTANISLAO S ZEBALLOS 3800, Avellaneda, Buenos Aires",Avellaneda,-34.68250827625004,-58.339773818907226
"AV BARTOLOME MITRE 900, Avellaneda, Buenos Aires",Avellaneda,-34.663631473025426,-58.36292869178898
"SAN MARTIN 705, Avellaneda, Buenos Aires",Avellaneda,-34.663278731184114,-58.3651061488631
"4129 RODRIGUEZ PENA 1210, San Miguel, Buenos Aires",San Miguel,-34.54614716302802,-58.70839479444281
"4164 PAUNERO 1600, San Miguel, Buenos Aires",San Miguel,-34.54613142369242,-58.704971510384155
"4127 SIR ALEXANDER FLEMING 3300, San Miguel, Buenos Aires",San Miguel,-34.5609176390401,-58.7241404563319
"3067 SOURDEAUX 800, San Miguel, Buenos Aires",San Miguel,-34.5544419745782,-58.6834555238122
"ORTEGA 5900, Avellaneda, Buenos Aires",Avellaneda,-34.6911867203876,-58.3101617842606
"CNL BRANDSEN 5500, Avellaneda, Buenos Aires",Avellaneda,-34.6981691163116,-58.3274029209575
"MARIANO MORENO 6000, Avellaneda, Buenos Aires",Avellaneda,-34.7003133466797,-58.3196887612248
"AV BARTOLOME MITRE 2000, Avellaneda, Buenos Aires",Avellaneda,-34.6698621386503,-58.3542856727668
"ESTEBAN ECHEVERRIA 300, Avellaneda, Buenos Aires",Avellaneda,-34.7072891315193,-58.3183689756651
"LINCOLN 100, Avellaneda, Buenos Aires",Avellaneda,-34.7056480156879,-58.3130981439403
"MANUEL BELGRANO 5400, Avellaneda, Buenos Aires",Avellaneda,-34.6985213811987,-58.3289790198414
"4186 GRANADEROS A CABALLO 2900, San Miguel, Buenos Aires",San Miguel,-34.5384363894221,-58.7307134010728
"GUAMINI 6274, Avellaneda, Buenos Aires",Avellaneda,-34.69318125252931,-58.303208352359874
"MAYOR IRUSTA, San Miguel, Buenos Aires",San Miguel,-34.593523785459794,-58.714740293255204
"3061 MARIANO MORENO 2600, San Miguel, Buenos Aires",San Miguel,-34.5704707148233,-58.6975537554348
"ALMTE SOLIER 5700, Avellaneda, Buenos Aires",Avellaneda,-34.7027738777057,-58.3282059614972
"CNL MADARIAGA 1500, Avellaneda, Buenos Aires",Avellaneda,-34.693740859151,-58.3572067169564
"4168 DOMINGO F SARMIENTO 2056 (ENTRE 4157 GUEMES Y 4155 ARGUERO), San Miguel, Buenos Aires",San Miguel,-34.53898277476992,-58.71833526127071
"PAYSANDU 800, Avellaneda, Buenos Aires",Avellaneda,-34.7087575589649,-58.327485272912
"DR ESTANISLAO S ZEBALLOS 6300, Avellaneda, Buenos Aires",Avellaneda,-34.7021809914479,-58.3152638737449
"THAMES 4791, Avellaneda, Buenos Aires",Avellaneda,-34.697607475148025,-58.33604006976332
"3031 PARAGUAY 1900, San Miguel, Buenos Aires",San Miguel,-34.5693068643986,-58.6819191053342
"4158 MUNOZ 1200, San Miguel, Buenos Aires",San Miguel,-34.543912940363,-58.7039916147514
"MARIANO MORENO 4500, Avellaneda, Buenos Aires",Avellaneda,-34.6905787450084,-58.3327613942444
"MAGDALENA 900, Avellaneda, Buenos Aires",Avellaneda,-34.7003345185027,-58.3356758915286
"CNL MENDEZ 900, Avellaneda, Buenos Aires",Avellaneda,-34.7057892067763,-58.333176517347
"GDOR OLIDEN 1702, Avellaneda, Buenos Aires",Avellaneda,-34.669196644174,-58.3949458125929
"ALMTE CORDERO 3800, Avellaneda, Buenos Aires",Avellaneda,-34.6914230002996,-58.3444419749555
"4137 BELGRANO 1018, San Miguel, Buenos Aires",San Miguel,-34.542120329912784,-58.71013708496891
"4167 LAS MALVINAS (ENTRE 4198 SAN NICOLAS Y 4200 CONSTITUCION), San Miguel, Buenos Aires",San Miguel,-34.544994415359696,-58.7329579895643
"URUGUAY 200, Avellaneda, Buenos Aires",Avellaneda,-34.6739845062919,-58.3828200694709
"INT BEGUIRISTAIN 300, Avellaneda, Buenos Aires",Avellaneda,-34.6679612011516,-58.3508808416825
"AV BARTOLOME MITRE 2600, Avellaneda, Buenos Aires",Avellaneda,-34.6750873262937,-58.3494474678115
"GRL HEREDIA 2800, Avellaneda, Buenos Aires",Avellaneda,-34.6895014872645,-58.3609786340809
"GERVASIO A DE POSADAS 400, Avellaneda, Buenos Aires",Avellaneda,-34.6944394467972,-58.3356302616983
"SALVADOR SOREDA 6000, Avellaneda, Buenos Aires",Avellaneda,-34.6976635922426,-58.3144715349893
"FRENCH 92, Avellaneda, Buenos Aires",Avellaneda,-34.66032689467778,-58.365470896487
"3025 MOISES LEBENSOHN 900, San Miguel, Buenos Aires",San Miguel,-34.56855447701721,-58.677180541486855
"4125 SGT CABRAL 5200, San Miguel, Buenos Aires",San Miguel,-34.5764386845789,-58.7397101213489
"CAMINO GRL BELGRANO 4500, Avellaneda, Buenos Aires",Avellaneda,-34.7110067877251,-58.3519289547351
"ASCASUBI 300, Avellaneda, Buenos Aires",Avellaneda,-34.7056236322232,-58.3204653753993
"4204 ALBERTO WILLIAMS 2775, San Miguel, Buenos Aires",San Miguel,-34.545372958670676,-58.73717868489124
"3061 MARIANO MORENO 2100, San Miguel, Buenos Aires",San Miguel,-34.5650943476727,-58.6921512299444
"CNL JOSE RONDEAU 600, Avellaneda, Buenos Aires",Avellaneda,-34.7064764176902,-58.3264094417325
"BERNARDINO RIVADAVIA 1090, Avellaneda, Buenos Aires",Avellaneda,-34.670677330133806,-58.392756486518856
"4161 PRINGLES 250, San Miguel, Buenos Aires",San Miguel,-34.529822273966325,-58.711694559527885
"RICARDO GUTIERREZ 1400, Avellaneda, Buenos Aires",Avellaneda,-34.6620543287883,-58.3520948706656
"GRL MANSILLA 4813, Avellaneda, Buenos Aires",Avellaneda,-34.70048016858787,-58.33774867911766
"SANTA FE (ESQUINA CHILE), Avellaneda, Buenos Aires",Avellaneda,-34.6780614706106,-58.3878140383284
"ENTRE RIOS 383, Avellaneda, Buenos Aires",Avellaneda,-34.674796191347255,-58.387495263836385
"AV BARTOLOME MITRE 200, Avellaneda, Buenos Aires",Avellaneda,-34.6583505352937,-58.3708696756158
"3198 LAGO LACAR 890, San Miguel, Buenos Aires",San Miguel,-34.571372424438024,-58.696345938361276
"4152 GRAL URQUIZA 1700, San Miguel, Buenos Aires",San Miguel,-34.542900889552214,-58.701486475867796
"4180 JOSE MARIA PAZ 1600, San Miguel, Buenos Aires",San Miguel,-34.5469803929622,-58.7153442110708
"4101 HAEDO 900, San Miguel, Buenos Aires",San Miguel,-34.5485143950452,-58.6955266045513
"GRL PAZ 200, Avellaneda, Buenos Aires",Avellaneda,-34.6661032434158,-58.3622796495847
"DR ESTANISLAO S ZEBALLOS 6500, Avellaneda, Buenos Aires",Avellaneda,-34.7039088698117,-58.3131225422907
"BISMARK 300, Avellaneda, Buenos Aires",Avellaneda,-34.6957439179091,-58.3216580808783
"EMILIO ZOLA 6200, Avellaneda, Buenos Aires",Avellaneda,-34.7004130089495,-58.3132044247536
"DR ESTANISLAO S ZEBALLOS 1700, Avellaneda, Buenos Aires",Avellaneda,-34.6674199469271,-58.3549775966756
"3208 RIO DIAMANTE (ESQUINA 3079 MONTEVIDEO), San Miguel, Buenos Aires",San Miguel,-34.568826671271,-58.7061167573693
"4147 LOS ANDES 3500, San Miguel, Buenos Aires",San Miguel,-34.5584151809447,-58.733207133274
"3148 GUIDO Y SPANO 100, San Miguel, Buenos Aires",San Miguel,-34.55336096322211,-58.68482797350012
"4133 CHARLONE 602, San Miguel, Buenos Aires",San Miguel,-34.53911471139074,-58.704510721316744
"4149 ESPANA 900, San Miguel, Buenos Aires",San Miguel,-34.54967250084955,-58.7250611051958
"MARIANO MORENO 6600, Avellaneda, Buenos Aires",Avellaneda,-34.7056480156879,-58.3130981439403
"MANUEL OCANTOS 100, Avellaneda, Buenos Aires",Avellaneda,-34.6663594598792,-58.3558712525243
"DANTE ALIGHIERI 857, Avellaneda, Buenos Aires",Avellaneda,-34.689505031959456,-58.31740851252773
"SAN ISIDRO 6000, Avellaneda, Buenos Aires",Avellaneda,-34.6957191689416,-58.3126886025222
"SAN MARINO, Avellaneda, Buenos Aires",Avellaneda,-34.671222200507,-58.38317377608375
"RN 205 - AV HIPOLITO YRIGOYEN 1800, Avellaneda, Buenos Aires",Avellaneda,-34.6776537415615,-58.3832438048955
"3029 CORDOBA 1967, San Miguel, Buenos Aires",San Miguel,-34.57081790482406,-58.68223307979422
"4156 SERRANO, San Miguel, Buenos Aires",San Miguel,-34.549245135941,-58.694525927849554
"4156 SERRANO 1345, San Miguel, Buenos Aires",San Miguel,-34.54068511224119,-58.70638382332286
"PARAGUAY 1000, Avellaneda, Buenos Aires",Avellaneda,-34.6754935825941,-58.3947043009909
"PRUDAN 700, Avellaneda, Buenos Aires",Avellaneda,-34.6877515610714,-58.3488578251223
"4115 SAN JOSE 100, San Miguel, Buenos Aires",San Miguel,-34.538684960657,-58.6932758535392
"4149 ESPANA 861, San Miguel, Buenos Aires",San Miguel,-34.537261661522706,-58.71184791665179
"CNL BRANDSEN 6252, Avellaneda, Buenos Aires",Avellaneda,-34.70494574207202,-58.319072337336806
"GRL ZAMUDIO 251, Avellaneda, Buenos Aires",Avellaneda,-34.6729464871098,-58.3471007777804
"4127 SIR ALEXANDER FLEMING 1600, San Miguel, Buenos Aires",San Miguel,-34.548330796915806,-58.710059037782656
"HELGUERA 5100, Avellaneda, Buenos Aires",Avellaneda,-34.7071133524433,-58.3417064640454
"CARABELAS 180, Avellaneda, Buenos Aires",Avellaneda,-34.67868321423514,-58.38197333774512
"JOSE ALVAREZ CONDARCO 400, Avellaneda, Buenos Aires",Avellaneda,-34.7035436017463,-58.3251892806868
"LINCOLN, Avellaneda, Buenos Aires",Avellaneda,-34.701063415835605,-58.3078056108616
"GRL PIRAN 17, Avellaneda, Buenos Aires",Avellaneda,-34.701193607344834,-58.320709803512955
"3041 MAYOR IRUSTA 5800, San Miguel, Buenos Aires",San Miguel,-34.5982559195478,-58.7199091552075
